,MAE,RMSE,Model,Dataset,Type
0,4.275564962988889,5.40987529813342,Elastic Net,Alcohol,Idiographic
1,19.98264020098459,25.121644850620463,Elastic Net,Alcohol,Idiographic
2,11.27480889087989,14.611059622030709,Elastic Net,Alcohol,Idiographic
3,4.938017286921729,6.270364714234096,Elastic Net,Alcohol,Idiographic
4,12.360308379176406,14.635150104052045,Elastic Net,Alcohol,Idiographic
5,12.741443365213362,15.778687070350802,Elastic Net,Alcohol,Idiographic
6,15.73985721846952,23.64731456734435,Elastic Net,Alcohol,Idiographic
7,11.471429259427357,19.748055458781305,Elastic Net,Alcohol,Idiographic
8,11.894314260851369,14.67190679216407,Elastic Net,Alcohol,Idiographic
9,6.491924464907625,8.518823491701637,Elastic Net,Alcohol,Idiographic
10,20.136326414377116,25.71092618758196,Elastic Net,Alcohol,Idiographic
11,6.022717761457693,7.571803715167403,Elastic Net,Alcohol,Idiographic
12,2.205086638368252,2.39386091836104,Elastic Net,Alcohol,Idiographic
13,11.839285714285714,11.94892404002493,Elastic Net,Alcohol,Idiographic
14,23.99255952380952,42.94932175186912,Elastic Net,Alcohol,Idiographic
15,19.071428571428573,22.58871399615304,Elastic Net,Alcohol,Idiographic
16,5.580983606557377,6.921421747807205,Elastic Net,Alcohol,Idiographic
17,9.738596491228073,12.068155897919434,Elastic Net,Alcohol,Idiographic
18,14.620276171191218,20.06796961932228,Elastic Net,Alcohol,Idiographic
19,5.965763966830165,7.156058901184884,Elastic Net,Alcohol,Idiographic
20,9.44340095364296,11.866039090488794,Elastic Net,Alcohol,Idiographic
21,21.660482568677946,26.77321264166579,Elastic Net,Alcohol,Idiographic
22,5.172413793103448,5.172413793103448,Elastic Net,Alcohol,Idiographic
23,14.843320548579602,18.17989441783325,Elastic Net,Alcohol,Idiographic
24,2.2602388854030746,7.2321367344221565,Elastic Net,Alcohol,Idiographic
25,12.217138677897784,15.642677959803752,Elastic Net,Alcohol,Idiographic
26,9.79542914066684,12.90010017392444,Elastic Net,Alcohol,Idiographic
27,13.906580114815632,19.583829997259944,Elastic Net,Alcohol,Idiographic
28,4.258040613081981,5.322741836448344,SVM,Alcohol,Idiographic
29,18.79847651158498,23.710883073286727,SVM,Alcohol,Idiographic
30,12.378688945091652,15.123900599589728,SVM,Alcohol,Idiographic
31,4.90247362048925,6.373599569891386,SVM,Alcohol,Idiographic
32,10.964676141389734,13.595579876389092,SVM,Alcohol,Idiographic
33,10.923924310280851,13.38998749226982,SVM,Alcohol,Idiographic
34,17.18671747039639,23.66535975093746,SVM,Alcohol,Idiographic
35,10.952038616587544,18.745419235310816,SVM,Alcohol,Idiographic
36,12.505419368424944,15.578780907234323,SVM,Alcohol,Idiographic
37,7.112452956188171,8.800496385170305,SVM,Alcohol,Idiographic
38,18.64417598058493,24.69722208285261,SVM,Alcohol,Idiographic
39,6.370532768844421,8.338583566885443,SVM,Alcohol,Idiographic
40,1.83541069189102,2.195742595290212,SVM,Alcohol,Idiographic
41,8.532285520765617,9.01818792796022,SVM,Alcohol,Idiographic
42,25.18686428100896,42.270603186532405,SVM,Alcohol,Idiographic
43,17.753831211394488,21.623117573427773,SVM,Alcohol,Idiographic
44,4.675346562966987,5.517801547027716,SVM,Alcohol,Idiographic
45,6.080683210260375,9.716205171008363,SVM,Alcohol,Idiographic
46,14.072609854838602,19.494635580022557,SVM,Alcohol,Idiographic
47,6.077066518813558,7.102327048578578,SVM,Alcohol,Idiographic
48,8.182857581108806,10.872969299026437,SVM,Alcohol,Idiographic
49,22.78607064620156,27.750529473646427,SVM,Alcohol,Idiographic
50,3.7650375173321815,4.006331849354172,SVM,Alcohol,Idiographic
51,10.124700684251003,12.900267755685226,SVM,Alcohol,Idiographic
52,2.723246267741936,7.384396380230581,SVM,Alcohol,Idiographic
53,10.288662311308707,14.26789085102889,SVM,Alcohol,Idiographic
54,9.76710779585077,13.340843727579816,SVM,Alcohol,Idiographic
55,14.167694567268484,20.02907233174138,SVM,Alcohol,Idiographic
56,3.957234480582428,5.330674099621945,XGBoost,Alcohol,Idiographic
57,23.659265282145533,28.594755713418728,XGBoost,Alcohol,Idiographic
58,12.4955318724528,16.363756009213013,XGBoost,Alcohol,Idiographic
59,4.070888964313931,5.441139252176315,XGBoost,Alcohol,Idiographic
60,14.016887620562237,15.254947482061626,XGBoost,Alcohol,Idiographic
61,8.925080639259338,12.021893494810278,XGBoost,Alcohol,Idiographic
62,19.777087711752063,30.43084564841521,XGBoost,Alcohol,Idiographic
63,11.027473452071815,17.53274943690428,XGBoost,Alcohol,Idiographic
64,12.59589964164098,14.19140150497338,XGBoost,Alcohol,Idiographic
65,1.8850722356493124,2.359963729674434,XGBoost,Alcohol,Idiographic
66,21.14393601803137,24.930383985194776,XGBoost,Alcohol,Idiographic
67,6.570498091951479,8.141310010960078,XGBoost,Alcohol,Idiographic
68,2.568673005228044,3.1854072782732152,XGBoost,Alcohol,Idiographic
69,9.82873758614082,10.198591953678289,XGBoost,Alcohol,Idiographic
70,24.457484955461123,42.2582638194105,XGBoost,Alcohol,Idiographic
71,18.250233580384933,21.377344205533625,XGBoost,Alcohol,Idiographic
72,5.642360672346496,6.433106053813857,XGBoost,Alcohol,Idiographic
73,9.70578617129492,12.695616393561062,XGBoost,Alcohol,Idiographic
74,15.224049624794691,19.563549872549245,XGBoost,Alcohol,Idiographic
75,6.80156761585269,7.935763377146632,XGBoost,Alcohol,Idiographic
76,7.243691411120587,10.766821837590228,XGBoost,Alcohol,Idiographic
77,19.28526698544563,24.571224106867056,XGBoost,Alcohol,Idiographic
78,17.3148077691172,22.67201396457555,XGBoost,Alcohol,Idiographic
79,14.403386366994756,18.48744887060816,XGBoost,Alcohol,Idiographic
80,2.690765556804805,7.259322723893511,XGBoost,Alcohol,Idiographic
81,10.57552770066308,14.25007263526487,XGBoost,Alcohol,Idiographic
82,8.847607428377325,11.84106783347525,XGBoost,Alcohol,Idiographic
83,14.084473194954334,19.021503795970947,XGBoost,Alcohol,Idiographic
84,3.485522751322752,5.240119374983848,RF,Alcohol,Idiographic
85,20.14191023535851,22.95637449140193,RF,Alcohol,Idiographic
86,13.017535324494784,16.89790933194565,RF,Alcohol,Idiographic
87,7.038551249778372,8.463298268521811,RF,Alcohol,Idiographic
88,22.508333333333336,25.05756797781786,RF,Alcohol,Idiographic
89,9.573337709595084,12.238930334887357,RF,Alcohol,Idiographic
90,21.89127873977874,26.98321306051202,RF,Alcohol,Idiographic
91,13.23250245721628,19.89075530071577,RF,Alcohol,Idiographic
92,10.651438340641324,12.882775429996151,RF,Alcohol,Idiographic
93,1.8643932998662804,2.3565967695266297,RF,Alcohol,Idiographic
94,17.75703703703704,23.993336523519694,RF,Alcohol,Idiographic
95,8.337391552891551,9.415652413887416,RF,Alcohol,Idiographic
96,4.265175115207374,5.304415624296471,RF,Alcohol,Idiographic
97,11.090975893582302,12.527950896052063,RF,Alcohol,Idiographic
98,26.22890370888786,41.7024316015837,RF,Alcohol,Idiographic
99,18.234667091726724,21.50346969143495,RF,Alcohol,Idiographic
100,6.266486750671972,7.563353023471904,RF,Alcohol,Idiographic
101,9.33333333333333,12.355781372836494,RF,Alcohol,Idiographic
102,15.859812855183224,20.117574415218083,RF,Alcohol,Idiographic
103,7.186933026372385,8.712219263049077,RF,Alcohol,Idiographic
104,8.363484527213666,11.594406300476068,RF,Alcohol,Idiographic
105,15.125490196078433,19.4225325650861,RF,Alcohol,Idiographic
106,5.1374494256651415,5.680713205972629,RF,Alcohol,Idiographic
107,10.52658327305302,12.876379351225328,RF,Alcohol,Idiographic
108,2.5051843778922875,7.268647604358471,RF,Alcohol,Idiographic
109,10.454001445933336,13.71299710316905,RF,Alcohol,Idiographic
110,7.965909090909091,10.845584471352964,RF,Alcohol,Idiographic
111,13.84727272727273,17.734301636812614,RF,Alcohol,Idiographic
112,3.899467507206154,5.53362026735062,3-Layer LSTM,Alcohol,Idiographic
113,20.769075486487026,26.9767694616957,3-Layer LSTM,Alcohol,Idiographic
114,10.895261704830627,13.80259488606275,3-Layer LSTM,Alcohol,Idiographic
115,3.9696226590608665,5.988776474137928,3-Layer LSTM,Alcohol,Idiographic
116,11.355266748566468,14.308158105579922,3-Layer LSTM,Alcohol,Idiographic
117,10.48169750285938,13.58527632925652,3-Layer LSTM,Alcohol,Idiographic
118,16.95037044279302,29.559303786207675,3-Layer LSTM,Alcohol,Idiographic
119,11.376958197781018,20.82357115037765,3-Layer LSTM,Alcohol,Idiographic
120,12.466826815160116,15.179801741886562,3-Layer LSTM,Alcohol,Idiographic
121,1.3128817546388245,2.392903903005738,3-Layer LSTM,Alcohol,Idiographic
122,20.94385087257555,27.29272008280029,3-Layer LSTM,Alcohol,Idiographic
123,6.16353394252254,9.870561278243525,3-Layer LSTM,Alcohol,Idiographic
124,1.9578686434627468,2.513515312784566,3-Layer LSTM,Alcohol,Idiographic
125,5.451462596596117,7.724581639576248,3-Layer LSTM,Alcohol,Idiographic
126,24.079024218086754,44.24741721014194,3-Layer LSTM,Alcohol,Idiographic
127,18.40990156190736,22.36328934284363,3-Layer LSTM,Alcohol,Idiographic
128,7.686411621523742,8.718119897755304,3-Layer LSTM,Alcohol,Idiographic
129,9.417128653791094,12.088950029241872,3-Layer LSTM,Alcohol,Idiographic
130,14.72940477229145,19.300319095116805,3-Layer LSTM,Alcohol,Idiographic
131,6.432119647188425,8.899053612536585,3-Layer LSTM,Alcohol,Idiographic
132,7.0152820392245125,10.798743314944833,3-Layer LSTM,Alcohol,Idiographic
133,20.60969854681749,26.19364527469493,3-Layer LSTM,Alcohol,Idiographic
134,0.594149410568754,1.19719156539185,3-Layer LSTM,Alcohol,Idiographic
135,9.224349674425628,11.562247849557414,3-Layer LSTM,Alcohol,Idiographic
136,2.277106130331003,7.522180147726888,3-Layer LSTM,Alcohol,Idiographic
137,10.069855373894857,14.227612415684955,3-Layer LSTM,Alcohol,Idiographic
138,10.616449793970045,13.64342444045523,3-Layer LSTM,Alcohol,Idiographic
139,15.518351183933952,22.31005406536824,3-Layer LSTM,Alcohol,Idiographic
140,4.058677533729725,5.588839068278753,1-Layer LSTM,Alcohol,Idiographic
141,21.23398718732222,26.992119485932093,1-Layer LSTM,Alcohol,Idiographic
142,11.73681645023336,14.550817226644376,1-Layer LSTM,Alcohol,Idiographic
143,3.830695411020385,5.506906171821089,1-Layer LSTM,Alcohol,Idiographic
144,12.472363133702595,14.749171066978011,1-Layer LSTM,Alcohol,Idiographic
145,9.823489513907756,12.333556351504278,1-Layer LSTM,Alcohol,Idiographic
146,17.990141073195918,30.422709711055727,1-Layer LSTM,Alcohol,Idiographic
147,11.76891727075367,21.16329574308853,1-Layer LSTM,Alcohol,Idiographic
148,12.72010110054016,15.451453313990925,1-Layer LSTM,Alcohol,Idiographic
149,1.5976339356042737,2.4476814564919858,1-Layer LSTM,Alcohol,Idiographic
150,21.08514473385705,29.12261124001439,1-Layer LSTM,Alcohol,Idiographic
151,6.706568837742097,8.574242504952823,1-Layer LSTM,Alcohol,Idiographic
152,1.783908771329855,2.086895742117533,1-Layer LSTM,Alcohol,Idiographic
153,6.991343597684776,8.203845552402962,1-Layer LSTM,Alcohol,Idiographic
154,24.83067727088928,43.8331947666571,1-Layer LSTM,Alcohol,Idiographic
155,17.194670638229166,22.12662492669106,1-Layer LSTM,Alcohol,Idiographic
156,5.173550191436158,5.943581975925283,1-Layer LSTM,Alcohol,Idiographic
157,8.051545880971027,10.801677638633745,1-Layer LSTM,Alcohol,Idiographic
158,14.84023189044979,19.52893560045896,1-Layer LSTM,Alcohol,Idiographic
159,6.380166778777104,8.31440958855478,1-Layer LSTM,Alcohol,Idiographic
160,7.119683203751202,10.95673410621753,1-Layer LSTM,Alcohol,Idiographic
161,19.227394124698407,24.380766485533837,1-Layer LSTM,Alcohol,Idiographic
162,0.931321444006602,1.3991140253123149,1-Layer LSTM,Alcohol,Idiographic
163,9.85864044804322,12.208503680113829,1-Layer LSTM,Alcohol,Idiographic
164,2.42296976189096,7.44220607013509,1-Layer LSTM,Alcohol,Idiographic
165,10.41485927956647,13.965434167041131,1-Layer LSTM,Alcohol,Idiographic
166,10.851300273429263,13.498587572633234,1-Layer LSTM,Alcohol,Idiographic
167,17.342621720887703,23.92120358668533,1-Layer LSTM,Alcohol,Idiographic
168,3.974062110464325,5.9465837432387945,GRU,Alcohol,Idiographic
169,20.139626620721224,26.24603222604904,GRU,Alcohol,Idiographic
170,11.525102877799071,14.153853319029276,GRU,Alcohol,Idiographic
171,4.007247721005193,6.152677299249733,GRU,Alcohol,Idiographic
172,10.6271327477684,13.7952351993308,GRU,Alcohol,Idiographic
173,10.814622795021174,13.54048460319683,GRU,Alcohol,Idiographic
174,16.055171363630677,28.170732507923404,GRU,Alcohol,Idiographic
175,10.703988768475792,18.967919724452894,GRU,Alcohol,Idiographic
176,12.456642765553791,16.351491738688786,GRU,Alcohol,Idiographic
177,1.5432450286629742,2.8381337509683027,GRU,Alcohol,Idiographic
178,20.832234168410125,28.293517923933223,GRU,Alcohol,Idiographic
179,6.121985350336347,8.656822084970283,GRU,Alcohol,Idiographic
180,2.12999477962383,2.518874513315328,GRU,Alcohol,Idiographic
181,5.913613155445016,8.687205769941027,GRU,Alcohol,Idiographic
182,24.78425287589086,44.88854634568567,GRU,Alcohol,Idiographic
183,19.2637145962034,23.644061771755485,GRU,Alcohol,Idiographic
184,7.181414148125992,8.465376989359576,GRU,Alcohol,Idiographic
185,9.225880546834617,11.71915016193195,GRU,Alcohol,Idiographic
186,14.811272996965252,19.80199351787715,GRU,Alcohol,Idiographic
187,6.354479668809415,9.101278752902664,GRU,Alcohol,Idiographic
188,6.931164365762376,10.680027066194144,GRU,Alcohol,Idiographic
189,21.447922836865864,26.99861871461486,GRU,Alcohol,Idiographic
190,0.8139919228851795,1.8966349898500716,GRU,Alcohol,Idiographic
191,10.607663085586148,13.356312254368854,GRU,Alcohol,Idiographic
192,2.2586479080540816,7.511764736680444,GRU,Alcohol,Idiographic
193,11.33392139400372,14.797656115756508,GRU,Alcohol,Idiographic
194,9.799907731061632,13.1706604458554,GRU,Alcohol,Idiographic
195,15.291284881539362,22.568531519098222,GRU,Alcohol,Idiographic
581,5.308534324548268,7.982813351934051,Elastic Net,Alcohol,Nomothetic
582,18.52613409884371,20.49355174027907,Elastic Net,Alcohol,Nomothetic
583,14.92848723737812,17.99480742359362,Elastic Net,Alcohol,Nomothetic
584,6.449362313223935,11.448842389741822,Elastic Net,Alcohol,Nomothetic
585,8.321065849518002,10.343115427305758,Elastic Net,Alcohol,Nomothetic
586,11.762479227069765,14.493937696008212,Elastic Net,Alcohol,Nomothetic
587,12.901008553875505,18.892216718969205,Elastic Net,Alcohol,Nomothetic
588,7.794877177416734,10.43846379864653,Elastic Net,Alcohol,Nomothetic
589,10.261824518416766,12.187576715883566,Elastic Net,Alcohol,Nomothetic
590,4.34500425661555,6.753140834471105,Elastic Net,Alcohol,Nomothetic
591,24.55127329734129,28.554031661329745,Elastic Net,Alcohol,Nomothetic
592,5.759084774240122,7.719424775843018,Elastic Net,Alcohol,Nomothetic
593,5.383972938396798,7.458083053338941,Elastic Net,Alcohol,Nomothetic
594,10.740120145122493,15.838653137470834,Elastic Net,Alcohol,Nomothetic
595,15.5271058742624,24.61831246156048,Elastic Net,Alcohol,Nomothetic
596,19.045725953318914,22.793867335919725,Elastic Net,Alcohol,Nomothetic
597,7.473060129108887,9.168144907964418,Elastic Net,Alcohol,Nomothetic
598,3.6206144897585584,4.805435398195553,Elastic Net,Alcohol,Nomothetic
599,12.10842351232508,14.897767129335252,Elastic Net,Alcohol,Nomothetic
600,7.443501118942247,9.20792061717631,Elastic Net,Alcohol,Nomothetic
601,7.896373060300722,11.53015307355298,Elastic Net,Alcohol,Nomothetic
602,12.537237938862027,17.726431834014225,Elastic Net,Alcohol,Nomothetic
603,6.392934759367803,11.52520591427592,Elastic Net,Alcohol,Nomothetic
604,16.426173559993003,21.911530842406208,Elastic Net,Alcohol,Nomothetic
605,3.971005980409793,6.3019545580826,Elastic Net,Alcohol,Nomothetic
606,13.580169707768745,17.862425657695983,Elastic Net,Alcohol,Nomothetic
607,8.73102187162161,11.500943318130208,Elastic Net,Alcohol,Nomothetic
608,17.311645500802012,22.600564031437,Elastic Net,Alcohol,Nomothetic
609,6.3523293499998985,9.099802793876846,SVM,Alcohol,Nomothetic
610,17.613678360135605,20.15543495107977,SVM,Alcohol,Nomothetic
611,14.431056481625312,17.815050448450833,SVM,Alcohol,Nomothetic
612,6.535131579411667,12.072453518591034,SVM,Alcohol,Nomothetic
613,8.837963370741694,10.878572260183535,SVM,Alcohol,Nomothetic
614,11.546828236430969,14.712977656588476,SVM,Alcohol,Nomothetic
615,11.254404654090925,17.970245198357013,SVM,Alcohol,Nomothetic
616,7.741852226613265,10.597960441806018,SVM,Alcohol,Nomothetic
617,10.58883042791254,12.893748376989246,SVM,Alcohol,Nomothetic
618,5.003201694775418,8.043259187490083,SVM,Alcohol,Nomothetic
619,23.456409115169567,28.31563363968463,SVM,Alcohol,Nomothetic
620,4.655388333638928,6.947993265389406,SVM,Alcohol,Nomothetic
621,6.273652613338291,8.19182460103087,SVM,Alcohol,Nomothetic
622,11.020926481567631,16.435165999566493,SVM,Alcohol,Nomothetic
623,13.957218783212806,23.98861863325776,SVM,Alcohol,Nomothetic
624,19.162938396395067,23.19203208418326,SVM,Alcohol,Nomothetic
625,8.084002564520272,9.63066595520864,SVM,Alcohol,Nomothetic
626,3.119042886836109,4.950389280269648,SVM,Alcohol,Nomothetic
627,12.012170721950792,15.338265101171505,SVM,Alcohol,Nomothetic
628,7.908452431232534,9.86843809803478,SVM,Alcohol,Nomothetic
629,7.683219721853305,11.753902810917136,SVM,Alcohol,Nomothetic
630,12.645343380401211,17.538368490154653,SVM,Alcohol,Nomothetic
631,6.31010645504976,11.3984264764177,SVM,Alcohol,Nomothetic
632,15.159684405359304,21.08217332616759,SVM,Alcohol,Nomothetic
633,5.272160927915641,7.905331319927378,SVM,Alcohol,Nomothetic
634,12.88047272572937,17.456968907641073,SVM,Alcohol,Nomothetic
635,9.35102085171488,12.18430253876224,SVM,Alcohol,Nomothetic
636,16.49577179251932,22.706780058658428,SVM,Alcohol,Nomothetic
637,3.600641283022948,4.794906953318461,XGBoost,Alcohol,Nomothetic
638,18.71450151552613,20.925269412691573,XGBoost,Alcohol,Nomothetic
639,15.40433250837517,18.737409395572204,XGBoost,Alcohol,Nomothetic
640,5.2063162129475815,10.45588592015382,XGBoost,Alcohol,Nomothetic
641,9.420842699845023,11.215797791478671,XGBoost,Alcohol,Nomothetic
642,11.514167302711444,14.156652698366528,XGBoost,Alcohol,Nomothetic
643,12.661277753586043,20.390086220885987,XGBoost,Alcohol,Nomothetic
644,8.425703673145374,12.252082818907573,XGBoost,Alcohol,Nomothetic
645,11.344253407363707,13.115832970857456,XGBoost,Alcohol,Nomothetic
646,2.526252825786246,4.07048733413848,XGBoost,Alcohol,Nomothetic
647,24.44165038156421,29.449357896795068,XGBoost,Alcohol,Nomothetic
648,5.957012583440698,8.459297341744167,XGBoost,Alcohol,Nomothetic
649,2.5390926566542933,3.481172475885874,XGBoost,Alcohol,Nomothetic
650,11.442743627311648,15.996747469687984,XGBoost,Alcohol,Nomothetic
651,15.634037939826095,24.609221226448486,XGBoost,Alcohol,Nomothetic
652,19.22567540480102,23.30424353257864,XGBoost,Alcohol,Nomothetic
653,7.074759125486564,8.448271714773192,XGBoost,Alcohol,Nomothetic
654,4.012866502553885,5.470646269034194,XGBoost,Alcohol,Nomothetic
655,11.67219475845335,14.475527668522778,XGBoost,Alcohol,Nomothetic
656,7.047036405101417,9.149026322593956,XGBoost,Alcohol,Nomothetic
657,8.765024408687331,12.31574686136217,XGBoost,Alcohol,Nomothetic
658,13.345823932647232,17.628420229967894,XGBoost,Alcohol,Nomothetic
659,4.338179689228709,10.002502420789163,XGBoost,Alcohol,Nomothetic
660,15.606168237281963,21.04024054317833,XGBoost,Alcohol,Nomothetic
661,1.909236678741573,4.443272706710174,XGBoost,Alcohol,Nomothetic
662,13.45665265634801,17.98646387625555,XGBoost,Alcohol,Nomothetic
663,8.120946255953688,11.148419201627805,XGBoost,Alcohol,Nomothetic
664,16.94093359090719,21.88726193636484,XGBoost,Alcohol,Nomothetic
665,3.736911852321053,4.976175062258577,RF,Alcohol,Nomothetic
666,17.82281791553816,20.09537486584668,RF,Alcohol,Nomothetic
667,14.866919107508496,18.401135544137915,RF,Alcohol,Nomothetic
668,5.161061685556565,10.34188129704512,RF,Alcohol,Nomothetic
669,9.347361779703538,11.094791561431297,RF,Alcohol,Nomothetic
670,11.506128553258124,13.979989254730716,RF,Alcohol,Nomothetic
671,13.325153233248251,19.923362836948964,RF,Alcohol,Nomothetic
672,8.448649740923829,11.52296876253337,RF,Alcohol,Nomothetic
673,10.60412600801938,12.7629096908505,RF,Alcohol,Nomothetic
674,3.105222846240965,4.698437240357426,RF,Alcohol,Nomothetic
675,24.04217449910746,29.195102287131345,RF,Alcohol,Nomothetic
676,5.40350694259459,7.621417136443823,RF,Alcohol,Nomothetic
677,2.999698247878848,3.902195560377633,RF,Alcohol,Nomothetic
678,12.26617579422782,16.553249911354488,RF,Alcohol,Nomothetic
679,16.98461925257356,24.10582610973261,RF,Alcohol,Nomothetic
680,18.67241766556205,22.821222326277905,RF,Alcohol,Nomothetic
681,7.355231872343127,9.447423337023547,RF,Alcohol,Nomothetic
682,3.1783709850987774,4.483870716179278,RF,Alcohol,Nomothetic
683,11.38231963430222,14.051947635105142,RF,Alcohol,Nomothetic
684,7.371351944178578,9.447650777363066,RF,Alcohol,Nomothetic
685,8.243855073418406,11.510753394930656,RF,Alcohol,Nomothetic
686,14.511548237371052,18.280716499775103,RF,Alcohol,Nomothetic
687,5.866778766254649,10.533344521523874,RF,Alcohol,Nomothetic
688,15.714806595428811,21.395971882121472,RF,Alcohol,Nomothetic
689,1.7124622218010184,4.252664239405114,RF,Alcohol,Nomothetic
690,13.769296584097322,18.454899935361546,RF,Alcohol,Nomothetic
691,8.569527854518219,12.393242187452008,RF,Alcohol,Nomothetic
692,17.78149055544208,22.35349829688253,RF,Alcohol,Nomothetic
693,6.836931705861558,9.236168158859517,3-Layer LSTM,Alcohol,Nomothetic
694,18.544227424591764,21.67912660985424,3-Layer LSTM,Alcohol,Nomothetic
695,15.405522323901472,19.36784294903133,3-Layer LSTM,Alcohol,Nomothetic
696,7.102283810547724,11.959658718091616,3-Layer LSTM,Alcohol,Nomothetic
697,9.63817273980982,12.208676420833696,3-Layer LSTM,Alcohol,Nomothetic
698,11.355831543414082,14.42678032267693,3-Layer LSTM,Alcohol,Nomothetic
699,12.094141612602003,19.81810854969442,3-Layer LSTM,Alcohol,Nomothetic
700,7.697928779208794,11.213859328469864,3-Layer LSTM,Alcohol,Nomothetic
701,13.018449578101816,14.815150241873486,3-Layer LSTM,Alcohol,Nomothetic
702,4.682934793380928,7.502257388372765,3-Layer LSTM,Alcohol,Nomothetic
703,23.39764963038433,29.525624576500384,3-Layer LSTM,Alcohol,Nomothetic
704,5.950658746417005,9.347642357190296,3-Layer LSTM,Alcohol,Nomothetic
705,6.645592196020262,9.147998918544005,3-Layer LSTM,Alcohol,Nomothetic
706,11.870128152561554,18.010316454160886,3-Layer LSTM,Alcohol,Nomothetic
707,13.519467933322543,23.20010163907753,3-Layer LSTM,Alcohol,Nomothetic
708,21.76634074145176,26.4872190929325,3-Layer LSTM,Alcohol,Nomothetic
709,7.8107130722729,9.814978749670985,3-Layer LSTM,Alcohol,Nomothetic
710,4.398596424752253,6.225287942345658,3-Layer LSTM,Alcohol,Nomothetic
711,13.13605601182414,17.553213951084864,3-Layer LSTM,Alcohol,Nomothetic
712,9.762841219750769,12.7544725459056,3-Layer LSTM,Alcohol,Nomothetic
713,8.173857679516253,11.44969128085151,3-Layer LSTM,Alcohol,Nomothetic
714,13.32695801116696,19.16102394807144,3-Layer LSTM,Alcohol,Nomothetic
715,7.500963948975074,13.0653781495121,3-Layer LSTM,Alcohol,Nomothetic
716,15.439704298973083,21.45010673763814,3-Layer LSTM,Alcohol,Nomothetic
717,3.9902411539541434,5.822483445200165,3-Layer LSTM,Alcohol,Nomothetic
718,12.364738699218403,18.42803324361809,3-Layer LSTM,Alcohol,Nomothetic
719,8.979949157488974,13.06010548788379,3-Layer LSTM,Alcohol,Nomothetic
720,17.371548103124862,24.29337014528424,3-Layer LSTM,Alcohol,Nomothetic
721,4.222727776050301,5.805446955060289,1-Layer LSTM,Alcohol,Nomothetic
722,20.98239240563583,23.80513006857842,1-Layer LSTM,Alcohol,Nomothetic
723,16.82454819505912,20.19531530634759,1-Layer LSTM,Alcohol,Nomothetic
724,6.022982243036058,11.103705407912797,1-Layer LSTM,Alcohol,Nomothetic
725,11.35880236975567,14.79686423381446,1-Layer LSTM,Alcohol,Nomothetic
726,13.521051875153374,17.72273700432874,1-Layer LSTM,Alcohol,Nomothetic
727,14.125243918940276,24.90880416939312,1-Layer LSTM,Alcohol,Nomothetic
728,9.232565873198968,15.012350837798207,1-Layer LSTM,Alcohol,Nomothetic
729,15.36778851787402,16.43203962095431,1-Layer LSTM,Alcohol,Nomothetic
730,3.3113302606790844,5.754960377804458,1-Layer LSTM,Alcohol,Nomothetic
731,25.43189515820881,30.21364595791119,1-Layer LSTM,Alcohol,Nomothetic
732,6.967627407396349,12.459894387050564,1-Layer LSTM,Alcohol,Nomothetic
733,3.0473746324434816,4.188495258501623,1-Layer LSTM,Alcohol,Nomothetic
734,8.97576006467155,15.5372246578614,1-Layer LSTM,Alcohol,Nomothetic
735,16.22269631754055,28.83895178120376,1-Layer LSTM,Alcohol,Nomothetic
736,19.696580255285227,24.66455351492356,1-Layer LSTM,Alcohol,Nomothetic
737,6.9568550137371234,9.346956725234543,1-Layer LSTM,Alcohol,Nomothetic
738,5.0055821969430845,8.174718070897544,1-Layer LSTM,Alcohol,Nomothetic
739,13.785791535092438,18.72110367425039,1-Layer LSTM,Alcohol,Nomothetic
740,7.24321378578697,9.924104375681274,1-Layer LSTM,Alcohol,Nomothetic
741,9.262471352878938,14.705704462412696,1-Layer LSTM,Alcohol,Nomothetic
742,14.258647374782225,20.90013490044693,1-Layer LSTM,Alcohol,Nomothetic
743,4.71178886748179,10.248911032281583,1-Layer LSTM,Alcohol,Nomothetic
744,15.400830755010247,23.409900699808485,1-Layer LSTM,Alcohol,Nomothetic
745,3.004016761671103,5.798167535865678,1-Layer LSTM,Alcohol,Nomothetic
746,15.915886812235996,24.59593906009248,1-Layer LSTM,Alcohol,Nomothetic
747,9.760554605800854,14.162441475098491,1-Layer LSTM,Alcohol,Nomothetic
748,16.952034034744383,22.932864348761772,1-Layer LSTM,Alcohol,Nomothetic
749,8.460559901217527,11.402550734095058,GRU,Alcohol,Nomothetic
750,18.282580103384173,21.711502796473443,GRU,Alcohol,Nomothetic
751,15.538684850985824,19.093479175527317,GRU,Alcohol,Nomothetic
752,7.10824551889674,11.775073281157354,GRU,Alcohol,Nomothetic
753,10.58818929840387,13.867051966825086,GRU,Alcohol,Nomothetic
754,12.38619986657146,16.08663410356417,GRU,Alcohol,Nomothetic
755,11.674299966828992,19.524526466560044,GRU,Alcohol,Nomothetic
756,8.139656899621558,11.319411539033515,GRU,Alcohol,Nomothetic
757,12.86472517225834,14.723754442148412,GRU,Alcohol,Nomothetic
758,4.258372184868211,7.800085429165119,GRU,Alcohol,Nomothetic
759,23.06537041872114,29.894549074176343,GRU,Alcohol,Nomothetic
760,5.351314967213456,9.131565539334732,GRU,Alcohol,Nomothetic
761,6.884886061690348,9.51319125393991,GRU,Alcohol,Nomothetic
762,11.908700105406586,18.4253418557503,GRU,Alcohol,Nomothetic
763,13.438629760420572,22.624638661291417,GRU,Alcohol,Nomothetic
764,23.049778588274695,27.23808805625364,GRU,Alcohol,Nomothetic
765,8.763115206547228,11.53801043335476,GRU,Alcohol,Nomothetic
766,4.544441457452076,5.624609936854935,GRU,Alcohol,Nomothetic
767,12.052076518230932,15.852601593340726,GRU,Alcohol,Nomothetic
768,8.914739121623562,12.09224651887594,GRU,Alcohol,Nomothetic
769,8.433498904820029,11.90916957733244,GRU,Alcohol,Nomothetic
770,14.70546079237713,20.06706729896811,GRU,Alcohol,Nomothetic
771,6.517502695397819,12.68544191856003,GRU,Alcohol,Nomothetic
772,15.65836826711893,21.529307791321017,GRU,Alcohol,Nomothetic
773,4.345851476913022,6.320899936165166,GRU,Alcohol,Nomothetic
774,13.033407309148426,19.065067816050774,GRU,Alcohol,Nomothetic
775,10.394664348740326,14.95561669790885,GRU,Alcohol,Nomothetic
776,15.709905967762994,22.017337518224693,GRU,Alcohol,Nomothetic
