,MAE,RMSE,Model,Dataset
0,3.4793267286653564,4.19960457260272,Elastic Net,Alcohol
1,16.71060148405697,20.394294809977133,Elastic Net,Alcohol
2,15.73098672182952,19.551551438721408,Elastic Net,Alcohol
3,5.205934565189753,10.152362398055079,Elastic Net,Alcohol
4,9.624731387947666,11.705399134523415,Elastic Net,Alcohol
5,11.7888837346365,14.989336423078926,Elastic Net,Alcohol
6,16.074708409045712,22.043060895070315,Elastic Net,Alcohol
7,8.964521435181565,11.915391046968054,Elastic Net,Alcohol
8,10.593608207034793,12.752744613710213,Elastic Net,Alcohol
9,3.745404718498205,5.135251830194613,Elastic Net,Alcohol
10,29.70202255984962,36.672494465634806,Elastic Net,Alcohol
11,5.655924357182602,7.893491850146458,Elastic Net,Alcohol
12,2.217159875390547,2.6903716640746818,Elastic Net,Alcohol
13,12.867957999513195,17.693890563136264,Elastic Net,Alcohol
14,17.3077263660322,29.294152477671574,Elastic Net,Alcohol
15,19.54006337709371,24.106936952565086,Elastic Net,Alcohol
16,7.7911541719451956,9.331369239738889,Elastic Net,Alcohol
17,2.8019743958238545,5.352252575734681,Elastic Net,Alcohol
18,9.430994361185281,12.260303323353783,Elastic Net,Alcohol
19,6.727481353558717,8.705767326654055,Elastic Net,Alcohol
20,8.985140958363324,13.073732586266848,Elastic Net,Alcohol
21,12.841632080231015,19.56321892486381,Elastic Net,Alcohol
22,6.358702929487779,10.056581599463563,Elastic Net,Alcohol
23,19.024853335267323,22.791133682970898,Elastic Net,Alcohol
24,1.1382196386803267,3.576121870338897,Elastic Net,Alcohol
25,15.801399715901336,21.909187731290697,Elastic Net,Alcohol
26,8.58156784897256,13.066890092186387,Elastic Net,Alcohol
27,18.901616280208295,22.72128809310839,Elastic Net,Alcohol
28,2.9969285369182694,3.9997535686648966,SVM,Alcohol
29,16.08838131742944,20.0192618916682,SVM,Alcohol
30,15.829400907532165,19.86596068774797,SVM,Alcohol
31,5.210516782176428,10.05770625229332,SVM,Alcohol
32,9.441753859921171,11.508264370765254,SVM,Alcohol
33,11.887089360861967,15.259947862361747,SVM,Alcohol
34,14.392481907293714,21.867238500012768,SVM,Alcohol
35,8.530239426211349,11.630021761104928,SVM,Alcohol
36,10.88859843083113,12.820501591308082,SVM,Alcohol
37,3.74666625665217,4.8659945804789215,SVM,Alcohol
38,28.198951673124174,34.923270260482646,SVM,Alcohol
39,5.721277650303204,8.173209904886228,SVM,Alcohol
40,2.1711870742329187,2.6330566315221966,SVM,Alcohol
41,14.86118744866871,20.279825234527603,SVM,Alcohol
42,14.79014663681601,26.26409553006544,SVM,Alcohol
43,19.122903853226607,23.834307467736856,SVM,Alcohol
44,7.399763183275538,8.66239987414468,SVM,Alcohol
45,5.134186587093096,6.810396984217973,SVM,Alcohol
46,9.429079159368763,13.010212594531165,SVM,Alcohol
47,6.988633514896908,8.667488906954775,SVM,Alcohol
48,8.563931642925313,12.935429764366614,SVM,Alcohol
49,12.846542739179732,19.097267110299637,SVM,Alcohol
50,5.220090856434109,9.65813141420813,SVM,Alcohol
51,19.241596332056385,23.104667970745954,SVM,Alcohol
52,1.7837580124307315,4.147095345303822,SVM,Alcohol
53,15.092856854901106,21.487521183552904,SVM,Alcohol
54,7.733684876513884,12.75155911462259,SVM,Alcohol
55,16.48812018562692,21.856371420381535,SVM,Alcohol
56,4.689502051475525,5.6533226826712815,XGBoost,Alcohol
57,17.261206285039783,21.510574154265854,XGBoost,Alcohol
58,16.622753785143257,20.07155708563829,XGBoost,Alcohol
59,5.674433093058268,10.905326927094936,XGBoost,Alcohol
60,10.04169542750714,12.538488551989985,XGBoost,Alcohol
61,11.619199798253701,14.569350705256726,XGBoost,Alcohol
62,16.353392847682493,24.3316611802119,XGBoost,Alcohol
63,7.840005944360254,11.681624028954596,XGBoost,Alcohol
64,10.757995643487343,13.110804382949967,XGBoost,Alcohol
65,2.568153092936237,4.431355664145978,XGBoost,Alcohol
66,23.18493641420949,29.2177353190016,XGBoost,Alcohol
67,6.154781359005992,8.896199283121247,XGBoost,Alcohol
68,2.162667809836516,3.024094049789081,XGBoost,Alcohol
69,11.54742388081487,15.933747943869259,XGBoost,Alcohol
70,16.605002198157347,29.16643714469297,XGBoost,Alcohol
71,19.349553882822082,24.095177260375934,XGBoost,Alcohol
72,6.973955588906221,8.28718497634468,XGBoost,Alcohol
73,2.744952640641457,5.96777665092617,XGBoost,Alcohol
74,9.856566929260394,13.093506240745834,XGBoost,Alcohol
75,7.356178888855102,9.524702752959385,XGBoost,Alcohol
76,9.324926618475892,13.583330943602634,XGBoost,Alcohol
77,12.575320383367707,18.532726332983064,XGBoost,Alcohol
78,5.171750770729624,12.082896976508998,XGBoost,Alcohol
79,18.546353198587894,23.13530062618754,XGBoost,Alcohol
80,1.9902688255742849,4.685602820007708,XGBoost,Alcohol
81,16.75483874749111,23.87089761612038,XGBoost,Alcohol
82,9.314592643787986,13.735850399051165,XGBoost,Alcohol
83,19.1160479382574,22.785228785514786,XGBoost,Alcohol
84,3.83906976744186,4.5200987846789165,RF,Alcohol
85,17.023774538386785,21.387275487135927,RF,Alcohol
86,15.852895555555554,19.31533185003231,RF,Alcohol
87,5.500444444444446,10.695517648892821,RF,Alcohol
88,9.925490196078433,12.737746899606357,RF,Alcohol
89,11.066453524607722,14.159150009079815,RF,Alcohol
90,15.430671455627708,21.743284469357476,RF,Alcohol
91,8.074680851063832,12.010040509908592,RF,Alcohol
92,10.43274264869626,13.451553289399019,RF,Alcohol
93,2.982692307692309,5.523566962907263,RF,Alcohol
94,24.94749679094933,29.94819873998901,RF,Alcohol
95,6.682713402209802,8.707593489284386,RF,Alcohol
96,1.9781616356063916,2.5269981472014713,RF,Alcohol
97,14.279948584567643,18.393580349543754,RF,Alcohol
98,16.25020396825397,27.80066933868986,RF,Alcohol
99,18.587889809898467,23.63907522400763,RF,Alcohol
100,7.371967250755499,9.118442126745636,RF,Alcohol
101,3.2311111111111113,6.476803052261028,RF,Alcohol
102,10.275031862547392,13.300983130478587,RF,Alcohol
103,7.029494473758429,8.927210625999106,RF,Alcohol
104,8.687295750574593,12.040806839832634,RF,Alcohol
105,12.715818368976079,19.375888045398348,RF,Alcohol
106,5.071260162601625,10.323312596397752,RF,Alcohol
107,15.760312500000001,20.084613436036054,RF,Alcohol
108,1.099622641509434,3.824232565755007,RF,Alcohol
109,15.61673714601457,21.517557978709963,RF,Alcohol
110,8.087087187666134,12.753875553287433,RF,Alcohol
111,19.088421052631585,22.90482275118404,RF,Alcohol
112,3.4679063656555664,4.697460236079735,3-Layer LSTM,Alcohol
113,19.93518423391786,23.28837283871459,3-Layer LSTM,Alcohol
114,16.471963661556423,19.88012359737995,3-Layer LSTM,Alcohol
115,4.5935530032179095,10.152176019018269,3-Layer LSTM,Alcohol
116,12.113575938599906,15.091441553912889,3-Layer LSTM,Alcohol
117,12.493517799068327,16.365129685819703,3-Layer LSTM,Alcohol
118,13.584972168045216,23.829597971619368,3-Layer LSTM,Alcohol
119,9.089707710289291,15.042631933542966,3-Layer LSTM,Alcohol
120,11.62899464306923,14.651437995332051,3-Layer LSTM,Alcohol
121,1.839750231840627,4.57812539117313,3-Layer LSTM,Alcohol
122,23.891537078968135,27.717575396281976,3-Layer LSTM,Alcohol
123,6.877056192640972,11.90755676638137,3-Layer LSTM,Alcohol
124,1.8873071872214056,2.6046398710076053,3-Layer LSTM,Alcohol
125,8.232937284406264,16.189163678562174,3-Layer LSTM,Alcohol
126,14.369673548447036,29.465954876116513,3-Layer LSTM,Alcohol
127,19.176135284089032,24.215990672956927,3-Layer LSTM,Alcohol
128,7.5406001587442795,9.041862502609396,3-Layer LSTM,Alcohol
129,2.901634560995111,7.1784519670710285,3-Layer LSTM,Alcohol
130,12.96099147109179,17.05917522619588,3-Layer LSTM,Alcohol
131,6.4733526904560375,10.191963281489448,3-Layer LSTM,Alcohol
132,7.744034756508278,14.198581441349694,3-Layer LSTM,Alcohol
133,14.62337253491679,21.121727607899007,3-Layer LSTM,Alcohol
134,3.0295923309883617,9.880474850816523,3-Layer LSTM,Alcohol
135,16.356393605470657,23.120124992016393,3-Layer LSTM,Alcohol
136,1.0565960382176907,4.640983981352391,3-Layer LSTM,Alcohol
137,15.083164858911397,23.2710856761452,3-Layer LSTM,Alcohol
138,7.998914499816141,13.429350924964695,3-Layer LSTM,Alcohol
139,15.823266619776826,22.18019648422619,3-Layer LSTM,Alcohol
140,3.721416963533868,5.029427501729967,1-Layer LSTM,Alcohol
141,19.160577777888278,23.232480646761086,1-Layer LSTM,Alcohol
142,17.053216551487623,20.193840688925143,1-Layer LSTM,Alcohol
143,4.563894138522148,10.255816491367653,1-Layer LSTM,Alcohol
144,12.073934021848045,15.432281032305216,1-Layer LSTM,Alcohol
145,13.41714866438558,18.114066705243328,1-Layer LSTM,Alcohol
146,14.105683036491126,24.740037588215582,1-Layer LSTM,Alcohol
147,9.655568795423767,15.635084843637694,1-Layer LSTM,Alcohol
148,12.2475759684581,15.788312704942213,1-Layer LSTM,Alcohol
149,2.1938680629783742,4.91783847712881,1-Layer LSTM,Alcohol
150,23.82487512078124,28.479920150294912,1-Layer LSTM,Alcohol
151,6.82568121146971,12.359875692187192,1-Layer LSTM,Alcohol
152,1.7993482772162925,2.50416461550051,1-Layer LSTM,Alcohol
153,8.221911954825861,15.88559342107312,1-Layer LSTM,Alcohol
154,14.71801056097641,29.752493920259607,1-Layer LSTM,Alcohol
155,20.831004930557093,25.886563369047142,1-Layer LSTM,Alcohol
156,7.437168302762097,8.82864139191137,1-Layer LSTM,Alcohol
157,3.699580061612344,7.620020230131802,1-Layer LSTM,Alcohol
158,14.368602717233557,19.307791946919824,1-Layer LSTM,Alcohol
159,7.462228777673657,10.749036672973423,1-Layer LSTM,Alcohol
160,9.331655506548797,15.778051232735706,1-Layer LSTM,Alcohol
161,15.452383925405197,22.08414022806608,1-Layer LSTM,Alcohol
162,3.5496594120254525,9.860185892566722,1-Layer LSTM,Alcohol
163,17.000844270572998,24.47616864448754,1-Layer LSTM,Alcohol
164,1.17336175165306,4.823234844296795,1-Layer LSTM,Alcohol
165,14.182006964047421,23.139395564806428,1-Layer LSTM,Alcohol
166,8.910735354219613,13.633104986022758,1-Layer LSTM,Alcohol
167,17.479385258853128,22.74535583263342,1-Layer LSTM,Alcohol
168,3.4496842550529356,4.7280671067330555,GRU,Alcohol
169,18.571350273771948,21.91106153653046,GRU,Alcohol
170,16.604735703359005,20.117489155534503,GRU,Alcohol
171,5.151150437377931,10.21035774142045,GRU,Alcohol
172,11.605623722127653,15.005357271796353,GRU,Alcohol
173,11.96048494231726,15.685172785656208,GRU,Alcohol
174,13.547263287350386,23.020825575544105,GRU,Alcohol
175,8.447910802185088,13.759998659402418,GRU,Alcohol
176,10.267561214116903,13.278878723447523,GRU,Alcohol
177,1.7589700801943118,4.291430940139049,GRU,Alcohol
178,23.546112239177305,28.269550495510295,GRU,Alcohol
179,6.351779906967639,10.336851252234933,GRU,Alcohol
180,1.9489702875049841,2.7346974271689923,GRU,Alcohol
181,8.9864187619167,16.570854298851156,GRU,Alcohol
182,13.802973718826143,29.275928582595967,GRU,Alcohol
183,19.377356055442327,24.116295510692733,GRU,Alcohol
184,6.935545099308813,8.691382632970612,GRU,Alcohol
185,2.8952053974979655,6.581408386251799,GRU,Alcohol
186,12.734017812382735,16.42751050539757,GRU,Alcohol
187,6.470816624680702,9.830740153925678,GRU,Alcohol
188,7.272895138177467,13.476490067093668,GRU,Alcohol
189,14.306862264534994,21.126001319451518,GRU,Alcohol
190,3.6461055215631806,10.255551549893227,GRU,Alcohol
191,16.379446864128113,22.67943484119413,GRU,Alcohol
192,1.007986500382125,4.4668150978010726,GRU,Alcohol
193,14.876389257285908,21.840032737912313,GRU,Alcohol
194,8.463575830585079,14.363630823519177,GRU,Alcohol
195,16.967392608515066,23.324185835557454,GRU,Alcohol
196,0.5511676547585781,0.608898476822421,Elastic Net,COVID-19
197,0.44672383854717856,0.7364915619546221,Elastic Net,COVID-19
198,0.3178151208419097,0.4056027458796875,Elastic Net,COVID-19
199,0.568654481625412,0.7397825092640566,Elastic Net,COVID-19
200,0.5384615384615384,0.7337993857053428,Elastic Net,COVID-19
201,0.38139520003148913,0.5123368164635744,Elastic Net,COVID-19
202,0.537640038277811,0.6901756788118233,Elastic Net,COVID-19
203,0.3518518518518518,0.512543869546584,Elastic Net,COVID-19
204,0.6533179265936709,1.476464132099976,Elastic Net,COVID-19
205,0.17932002405341868,0.2638625325664214,Elastic Net,COVID-19
206,0.44739677503622693,0.6554580717610686,Elastic Net,COVID-19
207,0.5543126757088628,0.6918981690586705,Elastic Net,COVID-19
208,0.9686519466017643,1.2368224984018474,Elastic Net,COVID-19
209,0.8609672434729656,0.9528637293160929,Elastic Net,COVID-19
210,0.6670455388148597,0.8931507067223562,Elastic Net,COVID-19
211,0.677668010645058,0.7309793925038105,Elastic Net,COVID-19
212,0.5353013309184925,0.5825622174250186,Elastic Net,COVID-19
213,0.6584865726742839,0.7317762930131871,Elastic Net,COVID-19
214,0.5083120613873385,0.6818960524883279,Elastic Net,COVID-19
215,0.42857142857142855,0.47380354147934295,Elastic Net,COVID-19
216,0.75,0.8762606047645171,Elastic Net,COVID-19
217,0.30909090909090914,0.38612291966536916,Elastic Net,COVID-19
218,0.5262068659447429,0.6838358156070347,Elastic Net,COVID-19
219,0.4542522021528635,0.5488868727986321,Elastic Net,COVID-19
220,0.6818141823276772,0.9598344841158735,Elastic Net,COVID-19
221,0.23076923076923078,0.4803844614152614,Elastic Net,COVID-19
222,0.5683882839459905,0.6711424527635648,Elastic Net,COVID-19
223,0.3609432291690427,0.40632633579832056,Elastic Net,COVID-19
224,0.7039242648164244,0.838437898477491,Elastic Net,COVID-19
225,0.9254523027991003,1.1272489852928684,Elastic Net,COVID-19
226,0.5952380952380952,0.7536757995878293,Elastic Net,COVID-19
227,0.7321428571428571,0.8667615071079713,Elastic Net,COVID-19
228,0.4578933106313437,0.5182800530190689,Elastic Net,COVID-19
229,0.6136363636363636,0.75,Elastic Net,COVID-19
230,0.16777540451655662,0.3506902254027891,Elastic Net,COVID-19
231,0.45732945930152996,0.6172684172243427,Elastic Net,COVID-19
232,0.4304347826086957,0.5511630596624596,Elastic Net,COVID-19
233,0.5799044344407109,0.6500625436806602,Elastic Net,COVID-19
234,0.26481623768220125,0.41599969031151846,Elastic Net,COVID-19
235,0.7788575567165652,1.0343012329297012,Elastic Net,COVID-19
236,0.3288860381120767,0.4237208270544581,Elastic Net,COVID-19
237,0.7470083025835033,0.9602360841176143,Elastic Net,COVID-19
238,0.5833333333333334,0.6591656196502846,Elastic Net,COVID-19
239,0.4175824175824176,0.5432618502992649,Elastic Net,COVID-19
240,0.4836822326078243,0.5232148162849671,Elastic Net,COVID-19
241,0.5545218971803612,0.6113411146923912,Elastic Net,COVID-19
242,0.8721776495218743,1.1309507932525018,Elastic Net,COVID-19
243,0.39948116054874144,0.5042913769105865,Elastic Net,COVID-19
244,0.6820987654320988,0.7793194597222523,Elastic Net,COVID-19
245,0.4213163285093809,0.6260840398980247,Elastic Net,COVID-19
246,0.3846153846153846,0.4334395257532556,Elastic Net,COVID-19
247,0.37673111064486736,0.4826424592462515,Elastic Net,COVID-19
248,0.5336434249385459,0.6799550949961543,Elastic Net,COVID-19
249,0.6227419392932169,0.7244566648348107,Elastic Net,COVID-19
250,0.5157496817059581,0.6157324293794,Elastic Net,COVID-19
251,0.5743375615611575,0.6543710740430702,SVM,COVID-19
252,0.5251758245615755,0.7836342970492849,SVM,COVID-19
253,0.771216188914841,1.0203523728476074,SVM,COVID-19
254,0.5733770769444082,0.7517275173100189,SVM,COVID-19
255,0.6210185373531658,0.6711604164324745,SVM,COVID-19
256,0.8584944955645422,1.128126574982965,SVM,COVID-19
257,1.0002805978824918,1.3377892049234525,SVM,COVID-19
258,0.5861326819565262,0.7055133242217344,SVM,COVID-19
259,0.6166176380989351,1.1650387902066517,SVM,COVID-19
260,0.4378685124640808,0.6583134526963053,SVM,COVID-19
261,0.7137633149059569,0.8829427278874362,SVM,COVID-19
262,0.5760507564600224,0.7762168547722599,SVM,COVID-19
263,1.1526902840447777,1.4348007136836876,SVM,COVID-19
264,1.527753479294595,1.8137128448494553,SVM,COVID-19
265,0.728683293512088,1.0123947531973676,SVM,COVID-19
266,0.7316408520682104,0.8723511814108703,SVM,COVID-19
267,0.5348268414696821,0.6579700287678832,SVM,COVID-19
268,0.7558260521493233,0.8984201726133202,SVM,COVID-19
269,0.4310773873714637,0.7733872789501525,SVM,COVID-19
270,0.28331252825891445,0.5051618606475328,SVM,COVID-19
271,1.0575303790589472,1.2248578946225093,SVM,COVID-19
272,0.18252886946139368,0.42611639077581986,SVM,COVID-19
273,0.7720296936954111,0.99770380292846,SVM,COVID-19
274,0.39077717627780245,0.5928977694194136,SVM,COVID-19
275,0.8995560653691758,1.0833504859727263,SVM,COVID-19
276,0.2308857295990274,0.4803661108114886,SVM,COVID-19
277,0.7628352205556417,0.9211093132338258,SVM,COVID-19
278,0.3705993190642214,0.4497744964543646,SVM,COVID-19
279,0.8131281312405302,0.9540169283649315,SVM,COVID-19
280,1.4556744113961422,1.7067496160428834,SVM,COVID-19
281,1.0589109409404343,1.1805537098761238,SVM,COVID-19
282,0.5886516377186691,1.0394283347677689,SVM,COVID-19
283,0.7621563515672124,0.9052285104449714,SVM,COVID-19
284,0.7100968640555956,0.8741219243659165,SVM,COVID-19
285,0.42223482222411923,0.5326634675968389,SVM,COVID-19
286,0.6545291234262957,0.7515054517173158,SVM,COVID-19
287,0.6610891162808145,0.7875371483693739,SVM,COVID-19
288,0.5760408768330484,0.6679253678016372,SVM,COVID-19
289,0.32035656579292576,0.4259486079445894,SVM,COVID-19
290,0.880395013937242,1.1550964866998226,SVM,COVID-19
291,0.5932170539297797,0.7142234549570149,SVM,COVID-19
292,0.7516964091698073,0.999298047881193,SVM,COVID-19
293,0.49057899010535455,0.6018905856363685,SVM,COVID-19
294,0.8562976469448234,1.0551662508196828,SVM,COVID-19
295,0.7159501331997209,0.8388748617279453,SVM,COVID-19
296,0.615319764546214,0.6914219560256233,SVM,COVID-19
297,0.7518855342346203,0.8628005597539411,SVM,COVID-19
298,0.1541218259668629,0.3922388455802007,SVM,COVID-19
299,1.1178007209187921,1.2156218631051268,SVM,COVID-19
300,0.5976320031008968,0.6831837955166719,SVM,COVID-19
301,0.30396619870806246,0.5089298852765164,SVM,COVID-19
302,0.48278248608697727,0.6624620700991223,SVM,COVID-19
303,0.4940672500829219,0.6781036587131173,SVM,COVID-19
304,0.740376898206355,0.9035916216612816,SVM,COVID-19
305,0.7880160316387368,0.9291678767508408,SVM,COVID-19
306,0.585869719584783,0.672492692334087,XGBoost,COVID-19
307,0.3114307035099376,0.6545007011066817,XGBoost,COVID-19
308,0.2885742286841075,0.42052634637815467,XGBoost,COVID-19
309,0.5687418580055237,0.763235983856644,XGBoost,COVID-19
310,0.5680062404045692,0.7120478160556913,XGBoost,COVID-19
311,0.2788405310023915,0.39997029833359127,XGBoost,COVID-19
312,0.5271483613894536,0.8269561228499117,XGBoost,COVID-19
313,0.4292437632878621,0.5562556425639871,XGBoost,COVID-19
314,0.7608976463476816,1.5197808792409842,XGBoost,COVID-19
315,0.16885035771590012,0.31543374775029637,XGBoost,COVID-19
316,0.5890379349390665,0.726655479726712,XGBoost,COVID-19
317,0.6570707651285025,0.8335573962138456,XGBoost,COVID-19
318,0.8682019343742957,1.1520173847771902,XGBoost,COVID-19
319,0.6980414715680209,0.7868484194407692,XGBoost,COVID-19
320,0.6602075425061312,0.9457239639769227,XGBoost,COVID-19
321,0.5756342013676962,0.6540558627394691,XGBoost,COVID-19
322,0.48448387476114124,0.5323163972179374,XGBoost,COVID-19
323,0.5102839767932892,0.5554337705380116,XGBoost,COVID-19
324,0.7883603022648737,1.011606796608399,XGBoost,COVID-19
325,0.5337817072868347,0.6324338351512777,XGBoost,COVID-19
326,0.9064948161443075,1.050218966751719,XGBoost,COVID-19
327,0.254537203095176,0.4180135668508371,XGBoost,COVID-19
328,0.5364760359128317,0.7037950514075566,XGBoost,COVID-19
329,0.29107644341208716,0.5137773889099055,XGBoost,COVID-19
330,0.6393572390079498,0.8824429898476708,XGBoost,COVID-19
331,0.29858851432800293,0.520374291220412,XGBoost,COVID-19
332,0.7044884562492371,0.8754463055551632,XGBoost,COVID-19
333,0.4599745056845925,0.48977246236812194,XGBoost,COVID-19
334,0.6487138171990713,0.776571263553232,XGBoost,COVID-19
335,1.1796663800875347,1.373647272698794,XGBoost,COVID-19
336,0.6032978892326355,0.6946385393300178,XGBoost,COVID-19
337,0.6256164014339447,0.9428001640069839,XGBoost,COVID-19
338,0.5652222832043966,0.6666164536200214,XGBoost,COVID-19
339,0.7800967747514899,0.9348404437524708,XGBoost,COVID-19
340,0.22829044323701125,0.3764937969156209,XGBoost,COVID-19
341,0.5523469150066376,0.6826115181973486,XGBoost,COVID-19
342,0.48775835037231446,0.7096586071820105,XGBoost,COVID-19
343,0.5467948118845621,0.6135704168305993,XGBoost,COVID-19
344,0.24212556083997092,0.4031005317615543,XGBoost,COVID-19
345,0.6312033029702994,1.0613308158188508,XGBoost,COVID-19
346,0.378347247838974,0.5297480958923299,XGBoost,COVID-19
347,0.5942946523427963,0.7768148895647582,XGBoost,COVID-19
348,0.4729836384455363,0.6470029330097161,XGBoost,COVID-19
349,0.5320562766148493,0.6709579113930774,XGBoost,COVID-19
350,0.30073442367406994,0.4449519072368979,XGBoost,COVID-19
351,0.6663752297560374,0.7513936883733807,XGBoost,COVID-19
352,0.8787316977977753,1.2395363208766916,XGBoost,COVID-19
353,0.44918665519127476,0.71486715565599,XGBoost,COVID-19
354,0.6396376689275106,0.7532275838305642,XGBoost,COVID-19
355,0.4013446867465973,0.5842014587000087,XGBoost,COVID-19
356,0.3337283730506897,0.5576613863116607,XGBoost,COVID-19
357,0.4732326544248141,0.6070857385493964,XGBoost,COVID-19
358,0.37941235303878784,0.5784988334806311,XGBoost,COVID-19
359,0.6868970890839895,0.7618572153283742,XGBoost,COVID-19
360,0.4854937700124887,0.5911516315569381,XGBoost,COVID-19
361,0.4855214415214415,0.558141262209532,RF,COVID-19
362,0.31272727272727274,0.637951266306305,RF,COVID-19
363,0.3533333333333333,0.4370354676682432,RF,COVID-19
364,0.4766666666666666,0.6073988255942987,RF,COVID-19
365,0.530519268182361,0.6981322996130724,RF,COVID-19
366,0.28091774891774907,0.37147282134199083,RF,COVID-19
367,0.46769230769230774,0.7093225370298492,RF,COVID-19
368,0.39564057239057243,0.5239348369131173,RF,COVID-19
369,0.4566666666666667,1.1252851490474167,RF,COVID-19
370,0.1688662636944966,0.26616894489119697,RF,COVID-19
371,0.5003181328475446,0.6529706603130204,RF,COVID-19
372,0.5688783497204549,0.7398321133337892,RF,COVID-19
373,0.9052380952380953,1.2306191758234601,RF,COVID-19
374,0.6372727272727274,0.7141746666925778,RF,COVID-19
375,0.6560863739435168,0.8975420017568195,RF,COVID-19
376,0.5912103174603175,0.6763447044939822,RF,COVID-19
377,0.4892631971203399,0.526120489069285,RF,COVID-19
378,0.5609036928679786,0.6076746919755633,RF,COVID-19
379,0.532967032967033,0.7064515435325325,RF,COVID-19
380,0.48761111111111105,0.5139334713245075,RF,COVID-19
381,0.802990860990861,0.9053368303998529,RF,COVID-19
382,0.3427794644028412,0.43686369018020144,RF,COVID-19
383,0.5340041997476207,0.7189359928274603,RF,COVID-19
384,0.33576767676767677,0.6008877914085954,RF,COVID-19
385,0.7799325396825396,0.9886625035250275,RF,COVID-19
386,0.272432646718361,0.48985457395532317,RF,COVID-19
387,0.5966666666666667,0.7088958550685237,RF,COVID-19
388,0.37316017316017314,0.4049914358104099,RF,COVID-19
389,0.6733333333333333,0.800333263917809,RF,COVID-19
390,0.9428531653531654,1.119338914033114,RF,COVID-19
391,0.65,0.756042326857432,RF,COVID-19
392,0.6941975780211074,0.8446438113562701,RF,COVID-19
393,0.4724444444444445,0.5403752468492682,RF,COVID-19
394,0.5823846153846155,0.7163777068070878,RF,COVID-19
395,0.14835164835164832,0.3632877949753088,RF,COVID-19
396,0.40252341445104634,0.4812890277398122,RF,COVID-19
397,0.43600000000000005,0.6779970501410756,RF,COVID-19
398,0.49003703703703705,0.5654036435037747,RF,COVID-19
399,0.2550674603174603,0.41118917826262746,RF,COVID-19
400,0.5926935286935288,0.9802350441736285,RF,COVID-19
401,0.4221204960616724,0.5511014497359553,RF,COVID-19
402,0.6257222222222222,0.7401142179120432,RF,COVID-19
403,0.52341045991046,0.6210851646492104,RF,COVID-19
404,0.5114237161372671,0.6198815997143051,RF,COVID-19
405,0.4229696969696971,0.5102218994238371,RF,COVID-19
406,0.49540333494048666,0.5401678505751573,RF,COVID-19
407,0.9366666666666665,1.18911731969558,RF,COVID-19
408,0.3593553113553113,0.4286737933305876,RF,COVID-19
409,0.6624053383315046,0.7713441769964416,RF,COVID-19
410,0.46108645983645974,0.6140303324925326,RF,COVID-19
411,0.3333333333333333,0.4912568913850811,RF,COVID-19
412,0.3513803607152024,0.4755719915734745,RF,COVID-19
413,0.5145436507936507,0.6690339114847267,RF,COVID-19
414,0.7017737077737078,0.7517634452571942,RF,COVID-19
415,0.49109285294764,0.6079094470523982,RF,COVID-19
416,0.5601808130741119,0.6244390605681971,3-Layer LSTM,COVID-19
417,0.42905365337025037,0.7305117505258165,3-Layer LSTM,COVID-19
418,0.5154829819997152,0.6196693614219223,3-Layer LSTM,COVID-19
419,0.7784146765867869,1.0190485587724205,3-Layer LSTM,COVID-19
420,0.5730450886946458,0.6821532827577408,3-Layer LSTM,COVID-19
421,0.4595571322874589,0.6403970126059793,3-Layer LSTM,COVID-19
422,0.820404474551861,1.0188660898400708,3-Layer LSTM,COVID-19
423,0.5068464676539103,0.6779023858837966,3-Layer LSTM,COVID-19
424,0.5943892002105713,1.3658396728557778,3-Layer LSTM,COVID-19
425,0.33079561361899745,0.6409442135150197,3-Layer LSTM,COVID-19
426,0.6117203036944071,0.7872717581083679,3-Layer LSTM,COVID-19
427,0.6217295665007371,0.8415935625746565,3-Layer LSTM,COVID-19
428,1.0136893895956187,1.426633035018363,3-Layer LSTM,COVID-19
429,0.8600842356681824,1.073006510688848,3-Layer LSTM,COVID-19
430,0.6667122082276777,1.0152702026395726,3-Layer LSTM,COVID-19
431,0.7411535084247589,0.857732099714377,3-Layer LSTM,COVID-19
432,0.5671256230427668,0.6822663737206243,3-Layer LSTM,COVID-19
433,0.5108463863531748,0.6158268149122316,3-Layer LSTM,COVID-19
434,0.4541836151709923,0.7040658147399803,3-Layer LSTM,COVID-19
435,0.5227541327476501,0.5955746510897756,3-Layer LSTM,COVID-19
436,1.06253835807244,1.2193396348549292,3-Layer LSTM,COVID-19
437,0.44995459101416846,0.6277537476712935,3-Layer LSTM,COVID-19
438,0.7861689825852712,1.0240919465874818,3-Layer LSTM,COVID-19
439,0.2647744959050959,0.4114589355549242,3-Layer LSTM,COVID-19
440,0.9600190420945486,1.1230597972015413,3-Layer LSTM,COVID-19
441,0.382879926608159,0.5938731896412128,3-Layer LSTM,COVID-19
442,0.6281041701634725,0.7507802945841152,3-Layer LSTM,COVID-19
443,0.5677852684801276,0.6369241256424377,3-Layer LSTM,COVID-19
444,0.8582963943481445,0.9685809718849703,3-Layer LSTM,COVID-19
445,1.0651018818219502,1.4091619674984204,3-Layer LSTM,COVID-19
446,0.6680047710736593,0.8646816399762202,3-Layer LSTM,COVID-19
447,0.8306959023078283,1.1776282829568152,3-Layer LSTM,COVID-19
448,0.7139417380094528,0.780901264547477,3-Layer LSTM,COVID-19
449,0.7485315691341053,0.902677673657684,3-Layer LSTM,COVID-19
450,0.198538037446829,0.362194537598294,3-Layer LSTM,COVID-19
451,0.6314973831176758,0.7598895181263777,3-Layer LSTM,COVID-19
452,0.43034114837646487,0.6488806130258448,3-Layer LSTM,COVID-19
453,0.6047816127538681,0.7392049619491312,3-Layer LSTM,COVID-19
454,0.4689866788685322,0.7064917579445505,3-Layer LSTM,COVID-19
455,0.5795548237287081,0.9139272874886228,3-Layer LSTM,COVID-19
456,0.5548438529173533,0.673621853640048,3-Layer LSTM,COVID-19
457,0.5547185937563578,0.7219482616284358,3-Layer LSTM,COVID-19
458,0.4259343942006429,0.4950283257092236,3-Layer LSTM,COVID-19
459,0.70413299707266,0.8218975249420091,3-Layer LSTM,COVID-19
460,0.4453642184917743,0.5330369465804541,3-Layer LSTM,COVID-19
461,0.46377618114153546,0.5587007555377835,3-Layer LSTM,COVID-19
462,0.904698391755422,1.3163524388428534,3-Layer LSTM,COVID-19
463,0.39029874251439023,0.5428692301112747,3-Layer LSTM,COVID-19
464,0.6830074886480967,0.780379926102494,3-Layer LSTM,COVID-19
465,0.554257720708847,0.6699668179774497,3-Layer LSTM,COVID-19
466,0.5033500293890635,0.671840074391763,3-Layer LSTM,COVID-19
467,0.35620781091543346,0.43625966080028883,3-Layer LSTM,COVID-19
468,0.5231244166692098,0.7519812856531424,3-Layer LSTM,COVID-19
469,0.6470559785763422,0.7617897967029338,3-Layer LSTM,COVID-19
470,0.49064032848064715,0.6405385007046128,3-Layer LSTM,COVID-19
471,0.8484120666980743,1.0322270320381914,1-Layer LSTM,COVID-19
472,0.38694953376596625,0.6967435155948719,1-Layer LSTM,COVID-19
473,0.759648934006691,0.9178259294744792,1-Layer LSTM,COVID-19
474,0.8294383039077123,1.1271505802729018,1-Layer LSTM,COVID-19
475,0.8393070147587702,1.0040547290016633,1-Layer LSTM,COVID-19
476,0.45504957979375665,0.6495490305542853,1-Layer LSTM,COVID-19
477,0.7487144837012658,0.8301635910675609,1-Layer LSTM,COVID-19
478,0.7621088176965714,0.8596691689423532,1-Layer LSTM,COVID-19
479,0.8200190365314484,1.7611344160789553,1-Layer LSTM,COVID-19
480,0.5526416897773743,0.874979458140408,1-Layer LSTM,COVID-19
481,0.8665484388669332,1.013554623585704,1-Layer LSTM,COVID-19
482,0.6291147928971511,0.8356637765287905,1-Layer LSTM,COVID-19
483,1.2814517204578106,1.4528931233846853,1-Layer LSTM,COVID-19
484,0.8835544369437478,1.0768879157422204,1-Layer LSTM,COVID-19
485,0.8501966270533475,1.220037761346505,1-Layer LSTM,COVID-19
486,1.0195956875880559,1.2114286543333523,1-Layer LSTM,COVID-19
487,0.5577946144800919,0.6966937383811703,1-Layer LSTM,COVID-19
488,0.5086228748162588,0.5883387791580668,1-Layer LSTM,COVID-19
489,0.5050942714397724,0.7513455474260544,1-Layer LSTM,COVID-19
490,0.6384368638197581,0.7980042178426862,1-Layer LSTM,COVID-19
491,1.140132615963618,1.343632412042499,1-Layer LSTM,COVID-19
492,0.3737153139981357,0.5897758239332838,1-Layer LSTM,COVID-19
493,1.0101467221975327,1.3433316462041087,1-Layer LSTM,COVID-19
494,0.251567694273862,0.3946004440701566,1-Layer LSTM,COVID-19
495,1.0964901571472485,1.358066557213001,1-Layer LSTM,COVID-19
496,0.6936376415766202,0.8648031355173298,1-Layer LSTM,COVID-19
497,0.5988472700119019,0.8232183637974473,1-Layer LSTM,COVID-19
498,0.8286589248613878,0.9335512409697747,1-Layer LSTM,COVID-19
499,0.7912162790695826,0.927194168929727,1-Layer LSTM,COVID-19
500,1.1005732119083405,1.3822664588800497,1-Layer LSTM,COVID-19
501,0.5988623003164927,0.7930195662563797,1-Layer LSTM,COVID-19
502,0.7079553604125977,1.1196828595420953,1-Layer LSTM,COVID-19
503,0.6039401590824127,0.736326293518443,1-Layer LSTM,COVID-19
504,0.8143764300779863,0.9709554154100086,1-Layer LSTM,COVID-19
505,0.48105813792118657,0.7556805958531674,1-Layer LSTM,COVID-19
506,0.9322059651215872,1.0927771603017193,1-Layer LSTM,COVID-19
507,0.7325632691383361,0.8374820091582361,1-Layer LSTM,COVID-19
508,0.6513783025244871,1.0148741415458535,1-Layer LSTM,COVID-19
509,0.6400582864880562,0.8521325482742319,1-Layer LSTM,COVID-19
510,0.7191339731216431,1.0070411547533116,1-Layer LSTM,COVID-19
511,0.49614540735880536,0.5305255358886213,1-Layer LSTM,COVID-19
512,0.9407982329527537,1.0236584070700285,1-Layer LSTM,COVID-19
513,0.6417790502309799,0.7957575812811484,1-Layer LSTM,COVID-19
514,0.9927173944619986,1.068130150287531,1-Layer LSTM,COVID-19
515,0.3605119723540086,0.46420253055671395,1-Layer LSTM,COVID-19
516,0.7187736729780833,1.0521484647820298,1-Layer LSTM,COVID-19
517,0.9508785208066305,1.3505679087247247,1-Layer LSTM,COVID-19
518,0.4143750575872568,0.5141116617396821,1-Layer LSTM,COVID-19
519,0.7258771558602651,0.8696487611283883,1-Layer LSTM,COVID-19
520,0.5614329179128011,0.6300418677480132,1-Layer LSTM,COVID-19
521,0.5740023305018743,0.7656722713108749,1-Layer LSTM,COVID-19
522,0.5554814246984628,0.67199719358629,1-Layer LSTM,COVID-19
523,0.5273317098617554,0.6177233408465251,1-Layer LSTM,COVID-19
524,0.7269331042965254,0.8818236912934402,1-Layer LSTM,COVID-19
525,0.5512673763128427,0.7484467106189867,1-Layer LSTM,COVID-19
526,0.5035503208637238,0.5670225080552281,GRU,COVID-19
527,0.5081145167350769,0.7805048016248622,GRU,COVID-19
528,0.5450721830129623,0.6532549509670248,GRU,COVID-19
529,0.6589106271664301,0.9052701905419216,GRU,COVID-19
530,0.5021142501097459,0.6659110450664559,GRU,COVID-19
531,0.42345856536518445,0.5627195134211131,GRU,COVID-19
532,0.7565868909542377,0.9531726875328792,GRU,COVID-19
533,0.40478884677092236,0.6378977278956872,GRU,COVID-19
534,0.5667873372634252,1.328641309087541,GRU,COVID-19
535,0.21530126608335054,0.34620621362431153,GRU,COVID-19
536,0.5253698825836182,0.707893943451053,GRU,COVID-19
537,0.5690525816037104,0.7595673160875221,GRU,COVID-19
538,0.9304887881645789,1.3374504629709836,GRU,COVID-19
539,0.9010415348139676,1.1136599412416592,GRU,COVID-19
540,0.6551640683954413,0.9421005486301655,GRU,COVID-19
541,0.6098577926556269,0.7438214829814899,GRU,COVID-19
542,0.5649286783658541,0.6606694778667158,GRU,COVID-19
543,0.5947333176930746,0.6934546583591928,GRU,COVID-19
544,0.44557812122198254,0.6966350078124288,GRU,COVID-19
545,0.39211927851041156,0.5060679034866239,GRU,COVID-19
546,0.8257233599821726,0.9408997219120147,GRU,COVID-19
547,0.4240065975622697,0.5580919255789384,GRU,COVID-19
548,0.524907131989797,0.6983404498850346,GRU,COVID-19
549,0.36219867251136084,0.5468862605124595,GRU,COVID-19
550,0.8407514989376068,1.0225728632295201,GRU,COVID-19
551,0.2616869577994713,0.4629496897584004,GRU,COVID-19
552,0.7435693144798279,0.8724215375865014,GRU,COVID-19
553,0.2852929559620944,0.37958816595608624,GRU,COVID-19
554,0.7994218269983927,0.929568979154145,GRU,COVID-19
555,1.0292332967122395,1.3483839536699982,GRU,COVID-19
556,0.7397489349047343,0.9018931006292775,GRU,COVID-19
557,0.7284297794103622,1.0570920156455712,GRU,COVID-19
558,0.6132389406363169,0.6876863491113335,GRU,COVID-19
559,0.8097320009361614,0.9845444731658904,GRU,COVID-19
560,0.18344240463696992,0.36211251776645936,GRU,COVID-19
561,0.5496048430601755,0.7080972784822923,GRU,COVID-19
562,0.5141212701797485,0.6742701022294203,GRU,COVID-19
563,0.5798452695210775,0.7098786381927074,GRU,COVID-19
564,0.24498555064201355,0.3870541804858048,GRU,COVID-19
565,0.6367622797305768,0.9820460359867489,GRU,COVID-19
566,0.4558049589395523,0.5912211205791059,GRU,COVID-19
567,0.594677264491717,0.7858690223502446,GRU,COVID-19
568,0.39312341809272766,0.4746499393328457,GRU,COVID-19
569,0.6695303091636071,0.7674186040246281,GRU,COVID-19
570,0.438808418237246,0.5624091867302331,GRU,COVID-19
571,0.5466966430346171,0.6521497533394209,GRU,COVID-19
572,0.9413489003976186,1.223309032329904,GRU,COVID-19
573,0.44727569359999436,0.6226893912888304,GRU,COVID-19
574,0.7645750790834427,0.9989348529089087,GRU,COVID-19
575,0.4778735836346944,0.6262982665315396,GRU,COVID-19
576,0.44384418924649555,0.6280215330841573,GRU,COVID-19
577,0.3815006476182204,0.4914605533121936,GRU,COVID-19
578,0.5082401136557261,0.6877288434481836,GRU,COVID-19
579,0.8220816353956858,0.9368609461311685,GRU,COVID-19
580,0.5676734630878155,0.690722216392666,GRU,COVID-19
